{
  "name": "{{PROJECT_NAME}}",
  "version": "0.1.0",
  "description": "A Vue2 + Webpack project scaffolded with fe-scaffold-mcp-server",
  "scripts": {
    "dev": "webpack serve --mode development",
    "build": "webpack --mode production",
    "lint": "eslint --ext .js,.vue src",
    "lint:ls": "ls-lint",
    "format": "prettier --write src/",
    "format:check": "prettier --check src/",
    "test": "jest",
    "test:coverage": "jest --coverage",
    "prepare": "husky install || true",
    "postinstall": "echo '\n📝 提示: 如需启用 Git hooks，请先运行: git init && npm run setup-hooks'",
    "setup-hooks": "husky install && echo '✅ Git hooks 已设置完成'",
    "analyze": "npx webpack-bundle-analyzer dist/stats.json"
  },
  "dependencies": {
    "vue": "^2.7.0",
    "element-ui": "^2.15.14"
  },
  "devDependencies": {
    "@babel/core": "^7.0.0",
    "@babel/preset-env": "^7.0.0",
    "@commitlint/cli": "^19.0.0",
    "@commitlint/config-conventional": "^19.0.0",
    "@vue/test-utils": "^1.3.0",
    "babel-jest": "^29.0.0",
    "babel-loader": "^9.0.0",
    "css-loader": "^6.0.0",
    "eslint": "^8.57.0",
    "eslint-plugin-vue": "^9.22.0",
    "html-webpack-plugin": "^5.0.0",
    "husky": "^9.0.0",
    "jest": "^29.0.0",
    "jest-environment-jsdom": "^29.0.0",
    "lint-staged": "^15.0.0",
    "ls-lint": "^0.1.2",
    "mocker-api": "^2.9.0",
    "prettier": "^3.2.0",
    "sass": "^1.69.0",
    "sass-loader": "^13.0.0",
    "style-loader": "^3.3.0",
    "vue-jest": "^3.0.7",
    "vue-loader": "^17.0.0",
    "vue-template-compiler": "^2.7.0",
    "webpack": "^5.0.0",
    "webpack-bundle-analyzer": "^4.9.0",
    "webpack-cli": "^5.0.0",
    "webpack-dev-server": "^4.0.0"
  },
  "engines": {
    "node": ">=18.0.0"
  },
  "keywords": [
    "vue2",
    "webpack",
    "typescript",
    "tailwind",
    "element-ui"
  ],
  "author": "fe-scaffold-mcp-server",
  "license": "MIT"
}