{
  "name": "{{PROJECT_NAME}}",
  "version": "0.1.0",
  "description": "A Vue3 + Vite project scaffolded with fe-scaffold-mcp-server",
  "type": "module",
  "scripts": {
    "dev": "vite",
    "build": "vue-tsc && vite build",
    "preview": "vite preview",
    "lint": "eslint . --ext .vue,.js,.jsx,.cjs,.mjs,.ts,.tsx,.cts,.mts --fix --ignore-path .gitignore",
    "lint:check": "eslint . --ext .vue,.js,.jsx,.cjs,.mjs,.ts,.tsx,.cts,.mts --ignore-path .gitignore",
    "format": "prettier --write src/",
    "format:check": "prettier --check src/",
    "test": "vitest",
    "test:coverage": "vitest --coverage",
    "test:ui": "vitest --ui",
    "lint:ls": "ls-lint",
    "prepare": "husky install || true",
    "postinstall": "echo '\n📝 提示: 如需启用 Git hooks，请先运行: git init && npm run setup-hooks'",
    "setup-hooks": "husky install && echo '✅ Git hooks 已设置完成'",
    "analyze": "npx vite-bundle-analyzer"
  },
  "dependencies": {
    "vue": "^3.4.0",
    "element-plus": "^2.6.0",
    "@element-plus/icons-vue": "^2.3.1"
  },
  "devDependencies": {
    "@commitlint/cli": "^19.0.0",
    "@commitlint/config-conventional": "^19.0.0",
    "@typescript-eslint/eslint-plugin": "^7.0.0",
    "@typescript-eslint/parser": "^7.0.0",
    "@vitejs/plugin-vue": "^5.0.0",
    "@vitest/coverage-v8": "^1.4.0",
    "@vitest/ui": "^1.4.0",
    "@vue/eslint-config-prettier": "^9.0.0",
    "@vue/eslint-config-typescript": "^12.0.0",
    "@vue/test-utils": "^2.4.0",
    "@vue/tsconfig": "^0.5.0",
    "autoprefixer": "^10.4.0",
    "eslint": "^8.57.0",
    "eslint-plugin-vue": "^9.22.0",
    "husky": "^9.0.0",
    "jsdom": "^24.0.0",
    "lint-staged": "^15.0.0",
    "ls-lint": "^2.2.0",
    "msw": "^2.2.0",
    "postcss": "^8.4.0",
    "prettier": "^3.2.0",
    "rollup-plugin-visualizer": "^5.12.0",
    "tailwindcss": "^3.4.0",
    "typescript": "~5.4.0",
    "vite": "^5.2.0",
    "vite-plugin-mock": "^3.0.0",
    "vitest": "^1.4.0",
    "vue-tsc": "^2.0.0"
  },
  "engines": {
    "node": ">=18.0.0"
  },
  "keywords": [
    "vue3",
    "vite",
    "typescript",
    "tailwind",
    "element-plus"
  ],
  "author": "fe-scaffold-mcp-server",
  "license": "MIT"
}