{
  "compilerOptions": {
    "target": "ES2020",
    "useDefineForClassFields": true,
    "lib": ["ES2020", "DOM", "DOM.Iterable"],
    "module": "ESNext",
    "skipLibCheck": true,
    "moduleResolution": "bundler",
    "allowImportingTsExtensions": true,
    "resolveJsonModule": true,
    "isolatedModules": true,
    "noEmit": true,
    "jsx": "react-jsx",
    "strict": true,
    "noUnusedLocals": true,
    "noUnusedParameters": true,
    "noFallthroughCasesInSwitch": true
  },
  "include": [
    "src/**/*.ts",
    "src/**/*.tsx"
  ],
  "exclude": [
    "node_modules",
    "dist",
    "**/*.test.ts",
    "**/*.test.tsx",
    "**/*.spec.ts",
    "**/*.spec.tsx"
  ],
  "references": [
    { "path": "./tsconfig.node.json" }
  ]
}